<?xml version="1.0"?>
<doc>
    <assembly>
        <name>Microsoft.Practices.EnterpriseLibrary.WindowsAzure.TransientFaultHandling.Configuration</name>
    </assembly>
    <members>
        <member name="T:Microsoft.Practices.EnterpriseLibrary.WindowsAzure.TransientFaultHandling.Configuration.ComponentModel.Editors.TimeSpanEditorControl">
            <summary>
            Interaction logic for TimeSpanEditorControl.xaml
            </summary>
            <summary>
            TimeSpanEditorControl
            </summary>
        </member>
        <member name="M:Microsoft.Practices.EnterpriseLibrary.WindowsAzure.TransientFaultHandling.Configuration.ComponentModel.Editors.TimeSpanEditorControl.#ctor">
            <summary>
            Initializes a new instance of the <see cref="T:Microsoft.Practices.EnterpriseLibrary.WindowsAzure.TransientFaultHandling.Configuration.ComponentModel.Editors.TimeSpanEditorControl"/> class. 
            </summary>
        </member>
        <member name="M:Microsoft.Practices.EnterpriseLibrary.WindowsAzure.TransientFaultHandling.Configuration.ComponentModel.Editors.TimeSpanEditorControl.InitializeComponent">
            <summary>
            InitializeComponent
            </summary>
        </member>
        <member name="T:Microsoft.Practices.EnterpriseLibrary.WindowsAzure.TransientFaultHandling.Configuration.Design.ViewModel.AddTransientFaultHandlingBlockCommand">
            <summary>
            This class supports block-specific configuration design-time and is not
            intended to be used directly from your code.
            </summary>
        </member>
        <member name="M:Microsoft.Practices.EnterpriseLibrary.WindowsAzure.TransientFaultHandling.Configuration.Design.ViewModel.AddTransientFaultHandlingBlockCommand.#ctor(Microsoft.Practices.EnterpriseLibrary.Configuration.Design.ViewModel.ConfigurationSourceModel,Microsoft.Practices.EnterpriseLibrary.Common.Configuration.Design.AddApplicationBlockCommandAttribute,Microsoft.Practices.EnterpriseLibrary.Configuration.Design.Configuration.Design.HostAdapterV5.IUIServiceWpf)">
            <summary>
            Initializes a new instance of the <see cref="T:Microsoft.Practices.EnterpriseLibrary.WindowsAzure.TransientFaultHandling.Configuration.Design.ViewModel.AddTransientFaultHandlingBlockCommand"/> class. 
            </summary>
            <param name="configurationSourceModel">The ConfigurationSourceModel.</param>
            <param name="attribute">The AddApplicationBlockCommandAttribute.</param>
            <param name="uiService">The IUIServiceWpf.</param>
        </member>
        <member name="T:Microsoft.Practices.EnterpriseLibrary.WindowsAzure.TransientFaultHandling.Configuration.Design.ViewModel.Commands.WellKnownRetryStrategyElementCollectionCommand">
            <summary>
            Command Model implementation for the add command on retry strategies. 
            Will show known retry strategy without the concrete class having to have the ConfigurationElementType, allowing portability of the block.
            </summary>
        </member>
        <member name="M:Microsoft.Practices.EnterpriseLibrary.WindowsAzure.TransientFaultHandling.Configuration.Design.ViewModel.Commands.WellKnownRetryStrategyElementCollectionCommand.#ctor(Microsoft.Practices.EnterpriseLibrary.Configuration.Design.ViewModel.ElementCollectionViewModel,Microsoft.Practices.EnterpriseLibrary.Configuration.Design.Configuration.Design.HostAdapterV5.IUIServiceWpf)">
            <summary>
            Initializes a new instance of the <see cref="T:Microsoft.Practices.EnterpriseLibrary.WindowsAzure.TransientFaultHandling.Configuration.Design.ViewModel.Commands.WellKnownRetryStrategyElementCollectionCommand"/> class. 
            </summary>
            <param name="collection">The collection that will be affected by the add command.</param>
            <param name="uiService"><see cref="T:Microsoft.Practices.EnterpriseLibrary.Configuration.Design.Configuration.Design.HostAdapterV5.IUIServiceWpf"/> for displaying messages.</param>
        </member>
        <member name="P:Microsoft.Practices.EnterpriseLibrary.WindowsAzure.TransientFaultHandling.Configuration.Design.ViewModel.Commands.WellKnownRetryStrategyElementCollectionCommand.ChildCommands">
            <summary>
            Child <see cref="T:Microsoft.Practices.EnterpriseLibrary.Configuration.Design.ViewModel.CommandModel"/> commands to this command.
            </summary>
        </member>
        <member name="T:Microsoft.Practices.EnterpriseLibrary.WindowsAzure.TransientFaultHandling.Configuration.Design.ViewModel.RetryPolicyConfigurationSettingsViewModel">
            <summary>
            This class supports block-specific configuration design-time and is not
            intended to be used directly from your code.
            </summary>
        </member>
        <member name="M:Microsoft.Practices.EnterpriseLibrary.WindowsAzure.TransientFaultHandling.Configuration.Design.ViewModel.RetryPolicyConfigurationSettingsViewModel.Save(Microsoft.Practices.EnterpriseLibrary.Common.Configuration.Design.IDesignConfigurationSource)">
            <summary>
            Save the configuration source.
            </summary>
            <param name="configurationSource">The IDesignConfigurationSource.</param>
        </member>
        <member name="T:TransientFaultHandling.Configuration.Properties.Resources">
            <summary>
              A strongly-typed resource class, for looking up localized strings, etc.
            </summary>
        </member>
        <member name="P:TransientFaultHandling.Configuration.Properties.Resources.ResourceManager">
            <summary>
              Returns the cached ResourceManager instance used by this class.
            </summary>
        </member>
        <member name="P:TransientFaultHandling.Configuration.Properties.Resources.Culture">
            <summary>
              Overrides the current thread's CurrentUICulture property for all
              resource lookups using this strongly typed resource class.
            </summary>
        </member>
        <member name="P:TransientFaultHandling.Configuration.Properties.Resources.AddRetryPolicyConfigurationSettings">
            <summary>
              Looks up a localized string similar to Add Transient Fault Handling Settings.
            </summary>
        </member>
        <member name="P:TransientFaultHandling.Configuration.Properties.Resources.ConvertInvalidPrimitive">
            <summary>
              Looks up a localized string similar to {0} is not a valid value for {1}.
            </summary>
        </member>
        <member name="P:TransientFaultHandling.Configuration.Properties.Resources.MaxBackoffMustBeGreaterThanMinBackoff">
            <summary>
              Looks up a localized string similar to The Max Backoff must be greater than the Min Backoff..
            </summary>
        </member>
        <member name="P:TransientFaultHandling.Configuration.Properties.Resources.NumericValueMustBeGreaterThanZero">
            <summary>
              Looks up a localized string similar to Numeric value must be greater than zero..
            </summary>
        </member>
        <member name="P:TransientFaultHandling.Configuration.Properties.Resources.TimeSpanValueMustBeGreaterThanZero">
            <summary>
              Looks up a localized string similar to TimeSpan value must be greater than zero..
            </summary>
        </member>
        <member name="T:Microsoft.Practices.EnterpriseLibrary.WindowsAzure.TransientFaultHandling.Configuration.TransientFaultHandlingDesignTime">
            <summary>
            Class that contains common type names and metadata used by the designtime.
            </summary>
        </member>
        <member name="T:Microsoft.Practices.EnterpriseLibrary.WindowsAzure.TransientFaultHandling.Configuration.TransientFaultHandlingDesignTime.CommandTypeNames">
            <summary>
            Class that contains common command types used by the designtime.
            </summary>
        </member>
        <member name="T:Microsoft.Practices.EnterpriseLibrary.WindowsAzure.TransientFaultHandling.Configuration.Validation.ExponentialBackoffValidator">
            <summary>
            A <see cref="T:Microsoft.Practices.EnterpriseLibrary.WindowsAzure.TransientFaultHandling.Configuration.Validation.ExponentialBackoffValidator"/> instance.
            </summary>
        </member>
        <member name="M:Microsoft.Practices.EnterpriseLibrary.WindowsAzure.TransientFaultHandling.Configuration.Validation.ExponentialBackoffValidator.ValidateCore(System.Object,System.String,System.Collections.Generic.IList{Microsoft.Practices.EnterpriseLibrary.Configuration.Design.Validation.ValidationResult})">
            <summary>
            Validates whether <paramref name="value"/> is in the specified range
            </summary>
            <param name="instance">The instance to validate, this is expected to be a <see cref="T:Microsoft.Practices.EnterpriseLibrary.Configuration.Design.ViewModel.Property"/></param>
            <param name="value">The value that should be validated.</param>
            <param name="results">The collection to add any results that occur during the validation.</param>
        </member>
    </members>
</doc>
